scorer,DLC_resnet50_Brown2021_accuracy_testJan28shuffle1_450000,DLC_resnet50_Brown2021_accuracy_testJan28shuffle1_450000,DLC_resnet50_Brown2021_accuracy_testJan28shuffle1_450000,DLC_resnet50_Brown2021_accuracy_testJan28shuffle1_450000,DLC_resnet50_Brown2021_accuracy_testJan28shuffle1_450000,DLC_resnet50_Brown2021_accuracy_testJan28shuffle1_450000,DLC_resnet50_Brown2021_accuracy_testJan28shuffle1_450000,DLC_resnet50_Brown2021_accuracy_testJan28shuffle1_450000,DLC_resnet50_Brown2021_accuracy_testJan28shuffle1_450000,DLC_resnet50_Brown2021_accuracy_testJan28shuffle1_450000,DLC_resnet50_Brown2021_accuracy_testJan28shuffle1_450000,DLC_resnet50_Brown2021_accuracy_testJan28shuffle1_450000,DLC_resnet50_Brown2021_accuracy_testJan28shuffle1_450000,DLC_resnet50_Brown2021_accuracy_testJan28shuffle1_450000,DLC_resnet50_Brown2021_accuracy_testJan28shuffle1_450000,DLC_resnet50_Brown2021_accuracy_testJan28shuffle1_450000,DLC_resnet50_Brown2021_accuracy_testJan28shuffle1_450000,DLC_resnet50_Brown2021_accuracy_testJan28shuffle1_450000,DLC_resnet50_Brown2021_accuracy_testJan28shuffle1_450000,DLC_resnet50_Brown2021_accuracy_testJan28shuffle1_450000,DLC_resnet50_Brown2021_accuracy_testJan28shuffle1_450000,DLC_resnet50_Brown2021_accuracy_testJan28shuffle1_450000,DLC_resnet50_Brown2021_accuracy_testJan28shuffle1_450000,DLC_resnet50_Brown2021_accuracy_testJan28shuffle1_450000,DLC_resnet50_Brown2021_accuracy_testJan28shuffle1_450000,DLC_resnet50_Brown2021_accuracy_testJan28shuffle1_450000,DLC_resnet50_Brown2021_accuracy_testJan28shuffle1_450000,DLC_resnet50_Brown2021_accuracy_testJan28shuffle1_450000,DLC_resnet50_Brown2021_accuracy_testJan28shuffle1_450000,DLC_resnet50_Brown2021_accuracy_testJan28shuffle1_450000,DLC_resnet50_Brown2021_accuracy_testJan28shuffle1_450000,DLC_resnet50_Brown2021_accuracy_testJan28shuffle1_450000,DLC_resnet50_Brown2021_accuracy_testJan28shuffle1_450000,DLC_resnet50_Brown2021_accuracy_testJan28shuffle1_450000,DLC_resnet50_Brown2021_accuracy_testJan28shuffle1_450000,DLC_resnet50_Brown2021_accuracy_testJan28shuffle1_450000,DLC_resnet50_Brown2021_accuracy_testJan28shuffle1_450000,DLC_resnet50_Brown2021_accuracy_testJan28shuffle1_450000,DLC_resnet50_Brown2021_accuracy_testJan28shuffle1_450000,DLC_resnet50_Brown2021_accuracy_testJan28shuffle1_450000,DLC_resnet50_Brown2021_accuracy_testJan28shuffle1_450000,DLC_resnet50_Brown2021_accuracy_testJan28shuffle1_450000,DLC_resnet50_Brown2021_accuracy_testJan28shuffle1_450000,DLC_resnet50_Brown2021_accuracy_testJan28shuffle1_450000,DLC_resnet50_Brown2021_accuracy_testJan28shuffle1_450000,DLC_resnet50_Brown2021_accuracy_testJan28shuffle1_450000,DLC_resnet50_Brown2021_accuracy_testJan28shuffle1_450000,DLC_resnet50_Brown2021_accuracy_testJan28shuffle1_450000
bodyparts,t3L,t3L,t3L,wstL,wstL,wstL,t5L,t5L,t5L,elbL,elbL,elbL,shdL,shdL,shdL,ankL,ankL,ankL,nl,nl,nl,str,str,str,lmb,lmb,lmb,shdR,shdR,shdR,ankR,ankR,ankR,elbR,elbR,elbR,wstR,wstR,wstR,t5R,t5R,t5R,t3R,t3R,t3R,tail,tail,tail
coords,x,y,likelihood,x,y,likelihood,x,y,likelihood,x,y,likelihood,x,y,likelihood,x,y,likelihood,x,y,likelihood,x,y,likelihood,x,y,likelihood,x,y,likelihood,x,y,likelihood,x,y,likelihood,x,y,likelihood,x,y,likelihood,x,y,likelihood,x,y,likelihood
0,368.7189636230469,99.9076919555664,0.9977625608444214,310.2597351074219,205.421142578125,0.9999347925186157,409.9463195800781,238.39627075195312,0.999679446220398,362.2177429199219,259.9538879394531,0.9998619556427002,328.3324279785156,265.5491943359375,0.999785840511322,433.2052001953125,323.56744384765625,0.9962835907936096,284.38226318359375,279.43841552734375,0.9980778694152832,316.0235595703125,315.4819641113281,0.9894763231277466,381.657958984375,325.2724914550781,0.999007523059845,292.8935546875,294.8822937011719,0.007482142187654972,404.1195983886719,350.4832458496094,0.9994914531707764,310.68109130859375,334.9769592285156,0.000995446229353547,259.9841613769531,265.6479797363281,0.9998989105224609,308.62200927734375,353.30572509765625,0.9999537467956543,160.29466247558594,336.017578125,0.9995914101600647,406.5938720703125,329.010009765625,0.9992063641548157
1,375.7869567871094,91.61898040771484,0.9991819262504578,310.76458740234375,205.09808349609375,0.9999555349349976,411.43499755859375,235.5447235107422,0.9996035695075989,357.8945617675781,261.2786865234375,0.9999206066131592,326.7194519042969,263.716796875,0.9998492002487183,431.89239501953125,323.980224609375,0.9971898198127747,285.1181640625,275.60565185546875,0.9973612427711487,311.6720275878906,319.1322021484375,0.9868519902229309,380.40826416015625,327.0012512207031,0.9990569949150085,290.95428466796875,292.59820556640625,0.11826779693365097,403.8288269042969,350.2107849121094,0.9995965361595154,310.66607666015625,336.82257080078125,0.0022434559650719166,260.0234069824219,262.959228515625,0.9998482465744019,311.1413269042969,348.4859619140625,0.9999169111251831,167.4629364013672,323.6470642089844,0.9998753070831299,405.83526611328125,330.567138671875,0.9992542862892151
2,381.6584167480469,82.07791900634766,0.9989174604415894,311.19134521484375,203.8945770263672,0.999967098236084,414.8481750488281,233.64312744140625,0.9991756081581116,356.0590515136719,264.0596923828125,0.9999088048934937,327.53338623046875,268.18487548828125,0.9994947910308838,427.8753967285156,325.9864196777344,0.9988777041435242,280.97900390625,279.90032958984375,0.9968376159667969,309.0818786621094,320.4955749511719,0.9945883750915527,378.2541198730469,327.20538330078125,0.9997064471244812,285.86846923828125,291.1979675292969,0.13921181857585907,401.82904052734375,349.3096008300781,0.9997023940086365,309.0823059082031,334.485107421875,0.003952483180910349,260.10076904296875,262.4651794433594,0.9999287128448486,310.4815673828125,341.92608642578125,0.9998416900634766,176.04270935058594,313.28692626953125,0.9996498823165894,404.92236328125,332.9054870605469,0.995648205280304
3,389.9387512207031,77.93242645263672,0.9993756413459778,312.4713134765625,202.22671508789062,0.9999306201934814,417.7354431152344,232.11351013183594,0.9992263317108154,352.8189697265625,265.96063232421875,0.9998059868812561,325.67327880859375,270.58758544921875,0.9991939663887024,423.9466552734375,326.6313781738281,0.999279797077179,277.77667236328125,279.90728759765625,0.9976674914360046,310.2764587402344,319.6591796875,0.9964983463287354,377.7591552734375,328.9300842285156,0.9996821880340576,287.20654296875,291.8653564453125,0.028798773884773254,397.88458251953125,348.83984375,0.9989700317382812,327.9725646972656,264.7550048828125,0.0008566360920667648,258.6089172363281,263.1403503417969,0.9998922348022461,296.158203125,331.9280090332031,0.972099244594574,183.20680236816406,303.5372314453125,0.9995094537734985,406.2047119140625,336.8329772949219,0.9918811917304993
4,396.320556640625,73.95133972167969,0.9991538524627686,314.2071533203125,199.11346435546875,0.9999552965164185,418.18768310546875,230.65493774414062,0.99933260679245,350.9076232910156,265.79632568359375,0.9997339844703674,321.39691162109375,271.5400085449219,0.9988794922828674,423.5968933105469,327.58245849609375,0.9992119073867798,279.0945129394531,278.68988037109375,0.995677649974823,309.823974609375,319.14654541015625,0.9983534812927246,377.1341552734375,329.02734375,0.9995038509368896,294.1471862792969,293.211181640625,0.028150005266070366,397.4991760253906,349.5110168457031,0.9990670084953308,278.93975830078125,273.6104736328125,0.007130747195333242,254.9808349609375,261.50042724609375,0.9992635846138,303.1950988769531,326.0333251953125,0.6693649888038635,190.8539581298828,288.9978942871094,0.9995500445365906,406.1809997558594,337.9438171386719,0.9925082325935364
5,398.0096130371094,69.8222885131836,0.9978868365287781,315.9470520019531,197.20535278320312,0.9999607801437378,419.28302001953125,229.6576385498047,0.9993147850036621,350.9150695800781,265.5151062011719,0.9998420476913452,319.2641906738281,271.65252685546875,0.9998214840888977,420.1755676269531,329.158935546875,0.9996078610420227,277.4150695800781,279.1685485839844,0.9949668049812317,306.1635437011719,319.9129333496094,0.9992401599884033,376.36773681640625,330.01025390625,0.9991717338562012,293.623779296875,293.1923828125,0.004800478462129831,398.04473876953125,350.3055725097656,0.9989492297172546,277.5125732421875,272.848876953125,0.001009143190458417,249.82351684570312,261.7151794433594,0.997665524482727,297.66241455078125,320.826904296875,0.3107836842536926,200.4925994873047,278.9739990234375,0.9993523955345154,406.55145263671875,340.1470031738281,0.9924132227897644
6,399.5173034667969,70.28787231445312,0.9996752738952637,320.04498291015625,194.1463623046875,0.9999352693557739,420.4931335449219,229.3882293701172,0.9993991851806641,349.2734069824219,265.78778076171875,0.9998354911804199,317.0924377441406,271.9569396972656,0.9998806715011597,418.0771179199219,330.1051330566406,0.9995831847190857,273.8190002441406,277.8847351074219,0.9972711205482483,302.4438171386719,319.69940185546875,0.9992019534111023,375.2691345214844,331.7420654296875,0.9995131492614746,291.52764892578125,292.1996765136719,0.0028571344446390867,396.7403259277344,350.77557373046875,0.9990392923355103,269.5625305175781,272.97564697265625,0.0007392730913124979,247.0216064453125,265.309326171875,0.9831880927085876,290.3771057128906,315.8065490722656,0.034755632281303406,209.81466674804688,273.95977783203125,0.9904769659042358,407.8630065917969,342.6600341796875,0.987576961517334
7,400.330078125,69.09912109375,0.9980860948562622,324.1051940917969,193.0494842529297,0.999974250793457,418.90667724609375,232.21514892578125,0.9984530210494995,346.3526916503906,265.3342590332031,0.999848484992981,314.0063781738281,272.22686767578125,0.9997619986534119,416.3597717285156,330.81707763671875,0.9993466734886169,266.50177001953125,278.3519287109375,0.989208996295929,296.2024230957031,320.3117980957031,0.9988788962364197,373.2980041503906,332.8901062011719,0.9995796084403992,280.27081298828125,293.1197509765625,0.00939737819135189,395.1528625488281,351.1103515625,0.9990990161895752,256.723876953125,271.7515563964844,0.0030924894381314516,229.37344360351562,262.46319580078125,0.9779109358787537,279.3460388183594,310.58013916015625,0.04312151297926903,212.9915008544922,253.21726989746094,0.08438760042190552,408.1128234863281,342.5203857421875,0.9880487322807312
8,400.6170959472656,70.06635284423828,0.9952307343482971,326.95928955078125,193.13575744628906,0.9999382495880127,417.7017517089844,232.34912109375,0.9989848732948303,345.08221435546875,265.99169921875,0.9998165965080261,314.14697265625,272.1426696777344,0.9998151659965515,414.7957458496094,331.64837646484375,0.9985396862030029,268.6548156738281,276.3522644042969,0.9995228052139282,297.52227783203125,322.2483215332031,0.9990988969802856,371.45477294921875,334.3782958984375,0.9993115663528442,282.3065490722656,289.08062744140625,0.012803217396140099,394.5208435058594,351.633544921875,0.998808741569519,258.96112060546875,270.99566650390625,0.006394247058779001,234.40330505371094,266.4390563964844,0.9988645315170288,251.6007537841797,290.1081237792969,0.0030322314705699682,216.32522583007812,249.76904296875,0.08541173487901688,408.4183044433594,344.4252624511719,0.985806405544281
9,401.0702209472656,70.26214599609375,0.9989711046218872,331.8213195800781,190.85047912597656,0.9996546506881714,413.9883117675781,234.53521728515625,0.9995020627975464,344.22271728515625,266.0268249511719,0.999722421169281,313.0081481933594,273.4389953613281,0.9997885823249817,413.6825866699219,333.6383972167969,0.9982357025146484,267.21368408203125,275.8034362792969,0.9997928738594055,295.73321533203125,322.14215087890625,0.9989871382713318,369.7615661621094,336.51312255859375,0.999129593372345,282.34881591796875,288.4147644042969,0.0031616315245628357,393.74700927734375,352.7907409667969,0.9990171194076538,282.5530090332031,272.8558654785156,0.004111323039978743,234.67831420898438,273.3696594238281,0.9986913800239563,352.9231872558594,337.7886047363281,0.001455916790291667,215.9054412841797,248.69326782226562,0.12739869952201843,407.36822509765625,345.8410949707031,0.98380047082901
10,403.75390625,69.79268646240234,0.9995349645614624,335.39056396484375,189.42184448242188,0.9998189806938171,415.5519104003906,234.0216064453125,0.9995033740997314,343.9626159667969,266.20526123046875,0.9997666478157043,312.192626953125,273.7299499511719,0.9998855590820312,411.1942443847656,334.33294677734375,0.9975148439407349,266.8531188964844,277.5202941894531,0.9996674060821533,295.2099304199219,322.02178955078125,0.9988295435905457,368.901123046875,337.74981689453125,0.999467670917511,281.5091857910156,289.1968078613281,0.00784237589687109,392.6795654296875,353.93939208984375,0.9992184638977051,283.98394775390625,273.66796875,0.002928426954895258,232.85157775878906,277.0184326171875,0.9987693428993225,346.1418151855469,340.3314208984375,0.002137399511411786,215.36959838867188,249.54385375976562,0.017870066687464714,406.6451721191406,346.77313232421875,0.9851716756820679
11,408.0898742675781,70.0691146850586,0.9992527365684509,340.23724365234375,190.61654663085938,0.9998877048492432,414.89447021484375,235.74331665039062,0.9996115565299988,342.705810546875,266.2003479003906,0.9998617172241211,311.4666748046875,274.6802978515625,0.9999295473098755,408.8323669433594,335.8982849121094,0.998331606388092,266.0887756347656,280.8388977050781,0.9984188079833984,294.48187255859375,322.7644958496094,0.9989521503448486,367.31866455078125,339.0063781738281,0.999599039554596,278.12677001953125,290.9697570800781,0.014631562866270542,392.030517578125,354.314208984375,0.9992727637290955,241.93344116210938,281.1715393066406,0.002627481007948518,230.55758666992188,281.1100158691406,0.9967873096466064,345.3543701171875,340.8192138671875,0.0015748828882351518,213.0917510986328,257.41552734375,0.021972419694066048,404.70184326171875,348.8153991699219,0.9857091903686523
12,413.74749755859375,69.09858703613281,0.9994980096817017,344.3753662109375,189.0664825439453,0.9996823072433472,414.7052001953125,238.7764129638672,0.999321460723877,342.503662109375,265.7828674316406,0.9998658895492554,311.07183837890625,275.169677734375,0.9999337196350098,407.83294677734375,337.0801086425781,0.9994444251060486,267.7152404785156,282.3192138671875,0.9990290403366089,294.0872497558594,323.4231262207031,0.9994211196899414,366.28460693359375,340.3144226074219,0.9997850060462952,276.6859436035156,292.5018005371094,0.014341714791953564,390.21630859375,355.4156188964844,0.9997678399085999,239.5416259765625,285.15899658203125,0.004075257107615471,229.31683349609375,285.3869934082031,0.998273491859436,351.352294921875,338.68572998046875,0.0017207697965204716,213.93185424804688,262.1872253417969,0.056712761521339417,401.8231506347656,349.4144592285156,0.9869983792304993
13,422.92181396484375,70.9378890991211,0.9992595314979553,348.9236145019531,189.1302032470703,0.9996600151062012,415.9017639160156,239.44671630859375,0.9990149736404419,342.2042236328125,265.97088623046875,0.9998874664306641,310.8957214355469,275.7104797363281,0.9999425411224365,406.8069763183594,338.3836364746094,0.9997339844703674,267.44970703125,283.4136047363281,0.9994825124740601,293.1858825683594,324.20245361328125,0.9993786811828613,366.1423034667969,340.6488952636719,0.9998418092727661,275.9939270019531,294.0346374511719,0.004175491165369749,389.12200927734375,356.99029541015625,0.9997474551200867,238.05145263671875,287.46856689453125,0.012009968981146812,229.3872833251953,290.9844055175781,0.99549400806427,289.8872375488281,330.9054260253906,0.0018761747051030397,212.73739624023438,267.439453125,0.014776756055653095,400.6421813964844,350.1995849609375,0.9851067066192627
14,432.22509765625,73.54520416259766,0.9982903599739075,352.7752380371094,188.86610412597656,0.9994317889213562,418.008056640625,242.8837890625,0.9996089339256287,342.2293701171875,266.3192443847656,0.9998358488082886,310.1855773925781,275.32904052734375,0.9999439716339111,405.8337097167969,339.82574462890625,0.9997860789299011,264.83221435546875,287.10040283203125,0.9995017051696777,291.7388610839844,324.205078125,0.9994016885757446,365.14508056640625,341.40399169921875,0.9998855590820312,274.31103515625,293.1629333496094,0.0022275098599493504,387.6913757324219,358.42889404296875,0.999665379524231,235.8450164794922,293.21929931640625,0.002459385897964239,227.2969970703125,297.25543212890625,0.9953818917274475,290.91143798828125,331.862060546875,0.0019764050375670195,212.3589630126953,273.71197509765625,0.006361333653330803,399.3966369628906,350.85693359375,0.9913137555122375
15,442.79388427734375,76.52479553222656,0.9991759657859802,355.83197021484375,190.083984375,0.9998546838760376,417.5389404296875,245.8521728515625,0.9995842576026917,342.50982666015625,266.4975280761719,0.9998512268066406,309.47711181640625,275.9584045410156,0.9999268054962158,404.6814270019531,340.6591796875,0.9998714923858643,262.6449279785156,287.5740966796875,0.9993565678596497,291.2315673828125,324.9705810546875,0.9994422793388367,363.73968505859375,342.5074768066406,0.999882698059082,274.2805480957031,294.191650390625,0.0006282550748437643,386.37066650390625,359.305419921875,0.9995163679122925,239.3739471435547,300.71240234375,0.002707666950300336,226.9925079345703,301.3409118652344,0.9963513612747192,278.0592346191406,320.6133728027344,0.004904677160084248,208.96897888183594,282.9248046875,0.025055527687072754,396.4936828613281,351.8857116699219,0.9918465614318848
16,453.1812744140625,79.26349639892578,0.998660683631897,359.1064758300781,190.36085510253906,0.9996767044067383,418.6426696777344,250.71841430664062,0.9994909763336182,343.0949401855469,266.5311279296875,0.999813973903656,308.48486328125,276.7496337890625,0.9999338388442993,403.15869140625,341.646484375,0.9998952150344849,261.577880859375,288.6011047363281,0.9998155236244202,291.04791259765625,325.4952392578125,0.9994555115699768,362.16259765625,343.48016357421875,0.9998162388801575,272.09637451171875,295.91656494140625,0.00305348658002913,384.5868835449219,361.4148254394531,0.9996071457862854,238.71241760253906,300.2195129394531,0.0056921751238405704,224.42543029785156,306.57135009765625,0.9986398816108704,276.8814697265625,324.2904357910156,0.02400960773229599,208.04083251953125,294.5817565917969,0.0317821241915226,392.9334411621094,353.65277099609375,0.9949605464935303
17,465.06915283203125,84.9178695678711,0.998305082321167,361.4360046386719,191.7210693359375,0.9994027614593506,418.31195068359375,256.0741882324219,0.9980342984199524,343.0713806152344,266.9478759765625,0.9998688697814941,307.1573486328125,277.38787841796875,0.9999531507492065,402.59356689453125,344.1340026855469,0.9998207688331604,262.8717041015625,290.7830505371094,0.9996747970581055,289.431396484375,326.1877746582031,0.9994407296180725,360.29791259765625,343.9217834472656,0.9997183680534363,270.798095703125,294.5639343261719,0.0008654266130179167,383.5826110839844,363.5680236816406,0.9996700286865234,270.0556640625,315.2132568359375,0.0010033241705968976,222.38128662109375,311.30218505859375,0.9978240728378296,341.9804992675781,343.6512451171875,0.01887405291199684,208.3896484375,305.6156311035156,0.010383913293480873,389.2558898925781,355.16119384765625,0.9989594221115112
18,474.2742004394531,87.81880187988281,0.9988589286804199,363.5022888183594,191.87290954589844,0.9995629191398621,416.4526672363281,258.6529541015625,0.9908308982849121,343.82958984375,266.7972106933594,0.9997902512550354,306.59197998046875,278.3017578125,0.9999288320541382,402.74603271484375,345.8627014160156,0.9997265934944153,261.3234558105469,293.43798828125,0.9998601675033569,287.98626708984375,327.11077880859375,0.9993552565574646,358.94781494140625,344.6778564453125,0.9996644258499146,272.8746643066406,308.0690612792969,0.000493097584694624,381.3694763183594,366.597412109375,0.9995206594467163,268.6591796875,319.078369140625,0.002179814502596855,219.34576416015625,316.2462158203125,0.9992455244064331,341.26043701171875,342.8003234863281,0.036598674952983856,207.14236450195312,308.9111633300781,0.012131113559007645,387.62078857421875,357.0833435058594,0.9984311461448669
19,482.9630126953125,94.47161102294922,0.9984136819839478,366.0977478027344,193.16082763671875,0.999525785446167,419.21319580078125,256.1239013671875,0.970328152179718,344.5963439941406,267.091552734375,0.9998323917388916,306.12847900390625,279.55950927734375,0.9998793601989746,401.71124267578125,346.81207275390625,0.9997970461845398,259.51763916015625,294.0772399902344,0.9997681975364685,288.6803283691406,326.9161682128906,0.9986913800239563,358.3345642089844,344.8179931640625,0.9996442794799805,269.5278015136719,310.65277099609375,0.005311643239110708,379.4107666015625,366.69586181640625,0.9997007846832275,268.93048095703125,326.85479736328125,0.050287049263715744,214.78475952148438,321.0553283691406,0.9988527297973633,276.0005798339844,338.0953369140625,0.8354946970939636,199.51187133789062,316.531982421875,0.00797116756439209,384.21441650390625,357.66326904296875,0.9979773163795471
20,486.0868835449219,97.94921875,0.9981276392936707,366.5628967285156,194.2328338623047,0.9994397759437561,415.7906188964844,248.62606811523438,0.9310078620910645,344.5426940917969,267.74127197265625,0.9998670816421509,304.0016784667969,281.5170593261719,0.9998250603675842,400.8057861328125,346.8593444824219,0.9998340606689453,258.86669921875,295.51751708984375,0.9995276927947998,288.0225524902344,322.7557678222656,0.9985900521278381,357.8674621582031,344.82232666015625,0.9996552467346191,266.4490966796875,314.2733154296875,0.17675143480300903,376.0450439453125,367.6580810546875,0.9996839761734009,262.4613342285156,325.7811279296875,0.7118654847145081,206.62799072265625,327.9648742675781,0.9923034906387329,262.7886047363281,347.20135498046875,0.9947740435600281,190.8850860595703,324.4819641113281,0.0037504611536860466,381.5307312011719,357.6144714355469,0.9979584217071533
21,491.2795104980469,102.65618896484375,0.9909635782241821,366.69171142578125,197.18267822265625,0.9995338916778564,421.1609191894531,248.9175567626953,0.4217725396156311,345.35845947265625,267.8272399902344,0.9998641014099121,302.98443603515625,282.0932312011719,0.9997878670692444,400.7879333496094,347.59210205078125,0.9998456239700317,259.0669250488281,295.0903625488281,0.9995540976524353,287.0357971191406,322.5983581542969,0.9987044334411621,356.4203796386719,344.9671936035156,0.9997629523277283,265.7522277832031,318.30889892578125,0.5523752570152283,375.6623229980469,370.57666015625,0.9997983574867249,261.24285888671875,324.51202392578125,0.9195995330810547,209.59510803222656,330.8094482421875,0.9965914487838745,256.2989196777344,356.88873291015625,0.9705745577812195,491.8653564453125,102.28667449951172,0.0016657067462801933,378.8079528808594,357.1413879394531,0.9983159303665161
22,495.2034912109375,103.83451843261719,0.985594630241394,369.4840087890625,197.35968017578125,0.99970942735672,426.2479553222656,257.4754333496094,0.2318706214427948,345.1695556640625,268.13751220703125,0.9997108578681946,302.7233581542969,284.2164611816406,0.9997459053993225,400.0501708984375,348.6394348144531,0.9996868371963501,258.5965881347656,294.3201904296875,0.9996875524520874,285.6701354980469,321.3793640136719,0.9995321035385132,354.3838195800781,344.93707275390625,0.999657154083252,265.48028564453125,318.7767333984375,0.5479050278663635,373.0401916503906,374.22674560546875,0.9996055960655212,264.4228210449219,327.159912109375,0.3053829073905945,215.6951446533203,332.5411071777344,0.9990255832672119,316.55352783203125,363.6183776855469,0.9969737529754639,181.6178436279297,343.5018005371094,0.06138923391699791,374.84698486328125,358.4698486328125,0.9988089799880981
23,496.8188781738281,106.25091552734375,0.9910820722579956,369.7369689941406,200.09414672851562,0.9995310306549072,427.06878662109375,254.55145263671875,0.3644004762172699,346.106689453125,267.9667053222656,0.9994086027145386,299.8797302246094,285.7515869140625,0.9991891980171204,400.7850036621094,349.90362548828125,0.9995793700218201,257.28448486328125,294.3052062988281,0.9993200302124023,285.5190734863281,318.9452209472656,0.9992272853851318,352.7108154296875,344.8373718261719,0.9996803998947144,263.757080078125,319.2049865722656,0.754423975944519,372.36279296875,377.2036437988281,0.9997392296791077,269.1138610839844,328.9536437988281,0.669143795967102,216.3892364501953,333.6815490722656,0.9995594620704651,311.33258056640625,371.0730285644531,0.999738872051239,179.43553161621094,360.462890625,0.9789398312568665,372.4088439941406,358.5399169921875,0.9995898604393005
24,496.9426574707031,107.7663345336914,0.9926121830940247,369.13873291015625,203.01193237304688,0.9994986057281494,427.96368408203125,260.61846923828125,0.1900927722454071,345.43438720703125,267.104248046875,0.997731626033783,301.1260986328125,286.9284973144531,0.9986458420753479,400.3359680175781,350.1673583984375,0.9995168447494507,256.6867980957031,293.48101806640625,0.9989181756973267,284.3122863769531,318.9709777832031,0.9990323781967163,351.2829284667969,345.2237243652344,0.9997062087059021,263.0088806152344,320.31341552734375,0.9613893032073975,369.688720703125,377.9783630371094,0.9998593330383301,270.3966979980469,331.30889892578125,0.8049265742301941,216.27938842773438,337.90435791015625,0.9997534155845642,305.82550048828125,377.0666198730469,0.9998840093612671,172.53448486328125,368.3982849121094,0.9980169534683228,370.99755859375,357.58026123046875,0.9997864365577698
25,496.64306640625,110.75536346435547,0.9824601411819458,365.784912109375,206.32167053222656,0.99885094165802,432.9884338378906,259.4504089355469,0.3437446355819702,341.8391418457031,267.83380126953125,0.9974365830421448,300.7401123046875,285.690185546875,0.9982477426528931,398.8893127441406,349.88018798828125,0.9994669556617737,256.26641845703125,294.6949462890625,0.9987014532089233,284.6020812988281,320.8533020019531,0.9989822506904602,349.697265625,345.6757507324219,0.9996476173400879,261.8450622558594,320.11541748046875,0.9757840037345886,367.71087646484375,378.9501647949219,0.9998395442962646,269.07952880859375,333.5001525878906,0.9886998534202576,209.55392456054688,342.4617919921875,0.9996590614318848,302.0615234375,381.83807373046875,0.9999018907546997,163.78887939453125,375.9029846191406,0.9993615746498108,369.8049621582031,356.70758056640625,0.9998941421508789
26,494.3966369628906,113.15181732177734,0.9842314720153809,363.964599609375,208.09054565429688,0.9988873600959778,432.15899658203125,260.9390563964844,0.31466349959373474,340.2894287109375,267.7604064941406,0.9993221759796143,300.36328125,284.37158203125,0.9996711015701294,398.0466613769531,349.310302734375,0.9995250701904297,255.29974365234375,294.729248046875,0.9990824460983276,284.2543029785156,322.48895263671875,0.9993407130241394,347.89337158203125,346.00189208984375,0.999212384223938,261.3218994140625,321.8143310546875,0.9172875881195068,364.5564880371094,380.5916442871094,0.999861478805542,268.4479064941406,335.5704650878906,0.9714060425758362,206.10853576660156,345.6753234863281,0.9993622899055481,295.79815673828125,387.0574645996094,0.9998733997344971,155.50730895996094,382.4250793457031,0.9997429251670837,368.33380126953125,355.8893737792969,0.9998629093170166
27,490.3736877441406,115.19347381591797,0.9890519976615906,361.5107421875,211.95977783203125,0.9995023012161255,431.1022644042969,260.75347900390625,0.2457786202430725,339.0243225097656,270.4047546386719,0.9998706579208374,299.8005065917969,284.64825439453125,0.9998595714569092,398.1507568359375,350.0783996582031,0.9992443323135376,254.4746856689453,294.7023620605469,0.9992945194244385,285.0880126953125,324.4194641113281,0.999190628528595,346.6643371582031,346.0943298339844,0.9987044334411621,262.9053649902344,323.76593017578125,0.978715181350708,362.1900634765625,381.91680908203125,0.9998239874839783,267.9862976074219,337.16064453125,0.9865227341651917,202.92156982421875,348.5037536621094,0.9996380805969238,290.1621398925781,390.8699035644531,0.9999231100082397,146.44300842285156,386.4862976074219,0.9997689127922058,368.123779296875,356.703857421875,0.9997758269309998
28,484.862060546875,117.1534423828125,0.9979621171951294,358.42236328125,215.97586059570312,0.9998395442962646,439.6932373046875,256.10125732421875,0.24238669872283936,337.2005920410156,270.4748229980469,0.999919056892395,299.5111083984375,284.0740051269531,0.9998416900634766,396.9702453613281,350.1865539550781,0.9992491602897644,253.24949645996094,295.77197265625,0.9992560744285583,284.8517150878906,323.0480041503906,0.9988723397254944,345.5237731933594,346.3076171875,0.9987616539001465,261.727783203125,324.6508483886719,0.9967368245124817,358.0941162109375,381.35247802734375,0.9997746348381042,263.01324462890625,337.192626953125,0.9970292448997498,198.92591857910156,352.2817077636719,0.9995540976524353,285.0509338378906,393.3724670410156,0.9998052716255188,136.97398376464844,390.1490478515625,0.9997536540031433,366.51605224609375,355.1557922363281,0.9998025298118591
29,477.2228088378906,120.40943908691406,0.9958674907684326,355.2796936035156,219.0229949951172,0.9998692274093628,434.9812927246094,259.9979248046875,0.35535913705825806,336.6875,270.8592224121094,0.9999126195907593,298.9573669433594,283.0650329589844,0.9998576641082764,395.4380798339844,349.5030212402344,0.9996215105056763,252.8231658935547,296.2605285644531,0.9991201758384705,285.5914306640625,322.8739929199219,0.9988641738891602,343.4154052734375,345.3514709472656,0.9974554181098938,260.64764404296875,324.57904052734375,0.9973512887954712,354.24639892578125,380.7496643066406,0.9998241066932678,261.74224853515625,338.0890808105469,0.999289870262146,194.42559814453125,354.56787109375,0.9997298121452332,278.8684997558594,397.1837463378906,0.9997816681861877,128.36141967773438,395.6656799316406,0.999750554561615,365.4604187011719,353.6564636230469,0.9998507499694824
30,470.762451171875,124.64769744873047,0.9980905652046204,356.0091552734375,217.53549194335938,0.999828577041626,442.0032043457031,247.6298370361328,0.5195876359939575,336.11932373046875,271.93670654296875,0.9999125003814697,298.4508972167969,282.3021545410156,0.9997804760932922,393.4344177246094,349.30987548828125,0.9997246861457825,251.9290313720703,296.2973327636719,0.9995356798171997,284.7587585449219,321.9388427734375,0.9991602897644043,340.90972900390625,343.10833740234375,0.9990010857582092,259.2129821777344,324.12188720703125,0.9979694485664368,351.7130126953125,380.9377746582031,0.9997051358222961,259.33050537109375,339.1454772949219,0.9996813535690308,191.06680297851562,355.39178466796875,0.9995269775390625,272.2217712402344,400.7667541503906,0.9996746778488159,118.90664672851562,399.8492126464844,0.9997802376747131,363.9324035644531,353.1874084472656,0.9998892545700073
31,463.3458557128906,132.42913818359375,0.9954533576965332,351.7715148925781,220.54896545410156,0.9996117949485779,441.22393798828125,252.85813903808594,0.5726897120475769,334.9833679199219,272.4560546875,0.9999669790267944,296.3497009277344,282.286865234375,0.9998093247413635,391.4288330078125,349.57281494140625,0.9996932744979858,251.43655395507812,295.951904296875,0.9996147155761719,285.55987548828125,321.7973937988281,0.999169111251831,340.74542236328125,343.55126953125,0.9990079998970032,257.58380126953125,323.11578369140625,0.9967113733291626,351.0018005371094,380.7666320800781,0.9997809529304504,257.3422546386719,339.15277099609375,0.9997393488883972,188.6658477783203,356.9446716308594,0.9998326301574707,267.9656066894531,404.052978515625,0.9998155236244202,111.86097717285156,403.5055847167969,0.9997784495353699,362.34259033203125,354.2051086425781,0.9998961687088013
32,450.8216247558594,141.01748657226562,0.9862009882926941,346.5078125,225.107177734375,0.9996757507324219,439.6721496582031,253.88681030273438,0.7138896584510803,333.8579406738281,272.9903564453125,0.9999803304672241,295.6195068359375,282.5185241699219,0.9997842907905579,390.5489807128906,349.2782897949219,0.9998457431793213,250.4475555419922,295.8581237792969,0.9995079040527344,284.9908447265625,322.494140625,0.9995120763778687,343.2784729003906,342.91094970703125,0.9995970129966736,255.30921936035156,322.5126647949219,0.9918811917304993,348.9059753417969,379.92559814453125,0.999854326248169,254.087646484375,339.494873046875,0.9995672106742859,184.1349334716797,359.8743591308594,0.9991428852081299,262.3387145996094,406.0780334472656,0.9997817873954773,104.1663818359375,406.0989990234375,0.9997541308403015,361.0562744140625,353.6520080566406,0.9999158382415771
33,445.8178405761719,149.12744140625,0.9954538345336914,341.55853271484375,228.46450805664062,0.9997608065605164,436.0568542480469,258.3281555175781,0.9108452796936035,332.5347595214844,272.8448791503906,0.9999793767929077,294.6054382324219,282.60699462890625,0.9996963739395142,388.7908630371094,349.66802978515625,0.9998190999031067,249.71771240234375,295.07275390625,0.9995309114456177,284.50946044921875,321.40509033203125,0.9993687272071838,343.1933288574219,343.3065490722656,0.9995450377464294,255.00518798828125,322.1497497558594,0.9871820211410522,346.447021484375,379.80743408203125,0.9998249411582947,253.9134521484375,339.9053649902344,0.9994527697563171,182.86434936523438,359.5958251953125,0.9996176958084106,257.17633056640625,407.5947265625,0.9995090961456299,98.25968933105469,411.20526123046875,0.9999014139175415,360.5339050292969,354.246337890625,0.9999188184738159
34,436.9507751464844,158.94891357421875,0.9974174499511719,338.52947998046875,231.73907470703125,0.9996907711029053,435.10723876953125,259.8351135253906,0.9797548651695251,331.36737060546875,273.8525695800781,0.9999803304672241,293.9947509765625,281.5867919921875,0.9997739195823669,387.4153747558594,350.13397216796875,0.999795138835907,248.8273468017578,294.7010192871094,0.9994953870773315,283.2810974121094,321.08966064453125,0.999314546585083,341.7225036621094,342.8355407714844,0.9994639754295349,254.3414306640625,321.80157470703125,0.9868674278259277,344.7032470703125,379.5774841308594,0.9998189806938171,253.07688903808594,340.4927978515625,0.9996148347854614,179.85296630859375,360.3846435546875,0.9996824264526367,253.43116760253906,409.5645751953125,0.9991990923881531,91.61823272705078,414.3772277832031,0.9997269511222839,359.1593017578125,353.8395080566406,0.9999368190765381
35,426.1602783203125,168.49586486816406,0.9955129027366638,333.15826416015625,234.0621795654297,0.9996533393859863,433.80792236328125,262.4300842285156,0.9938399195671082,329.7964172363281,274.889892578125,0.9999690055847168,292.9908447265625,281.70574951171875,0.999839186668396,386.0772705078125,350.5953674316406,0.9997559189796448,247.97662353515625,292.9388427734375,0.999409556388855,281.8415832519531,319.7686767578125,0.9990347623825073,340.2268981933594,341.1516418457031,0.9996687173843384,253.23008728027344,320.45660400390625,0.9880507588386536,343.9906005859375,379.277587890625,0.9998220801353455,251.75262451171875,340.140625,0.9996166229248047,177.9453125,360.772705078125,0.9996035695075989,248.82408142089844,410.8321838378906,0.9993033409118652,87.05266571044922,418.2454528808594,0.9998745918273926,357.4124755859375,353.51458740234375,0.9999551773071289
36,416.5393371582031,180.17401123046875,0.9907308220863342,323.90032958984375,240.8468475341797,0.9998183846473694,431.3778076171875,268.293212890625,0.9958336353302002,328.0516052246094,276.00885009765625,0.9999567270278931,293.06365966796875,282.1066589355469,0.9998292922973633,384.64105224609375,350.0565490722656,0.99969482421875,247.65029907226562,291.239990234375,0.9995044469833374,282.7686462402344,319.216796875,0.998695433139801,339.5015869140625,340.6229248046875,0.9994246959686279,252.2029571533203,318.745849609375,0.9896715879440308,343.13165283203125,378.5104064941406,0.999854326248169,250.66041564941406,340.7183532714844,0.9997066855430603,176.64671325683594,358.3644714355469,0.9994564652442932,244.4873504638672,413.7222595214844,0.9994339346885681,81.81639862060547,423.0274353027344,0.9998072981834412,356.37786865234375,352.691162109375,0.9999569654464722
37,403.4249267578125,188.80368041992188,0.9991542100906372,317.1169738769531,244.4757537841797,0.9998241066932678,428.8552551269531,274.1804504394531,0.9994127750396729,326.1502990722656,276.9300842285156,0.9999755620956421,293.5018310546875,282.275390625,0.9998409748077393,383.2393493652344,349.9656677246094,0.9995686411857605,246.28939819335938,289.1957702636719,0.9993543028831482,283.0538330078125,318.3081970214844,0.997918426990509,339.36016845703125,339.17108154296875,0.9994774460792542,252.24118041992188,315.9139709472656,0.98594069480896,342.5806579589844,377.75482177734375,0.9998619556427002,249.70223999023438,340.9073486328125,0.9997846484184265,176.6308135986328,356.7033996582031,0.9996514320373535,241.18380737304688,415.9725036621094,0.9992213249206543,78.45547485351562,425.5312805175781,0.9997488856315613,355.3310852050781,352.069580078125,0.9999455213546753
38,391.5864562988281,197.83724975585938,0.99861741065979,308.89166259765625,249.48019409179688,0.9998996257781982,421.4441223144531,277.6581115722656,0.9996328353881836,325.125,278.1405944824219,0.9999675750732422,291.88226318359375,282.0062255859375,0.9996711015701294,382.5843811035156,349.77947998046875,0.9994781613349915,245.7581329345703,288.5578918457031,0.9987108707427979,283.90118408203125,318.11737060546875,0.9982730150222778,338.1303405761719,338.549072265625,0.9993508458137512,250.93775939941406,314.1511535644531,0.9914532899856567,341.1620788574219,376.9800720214844,0.9998772144317627,248.86053466796875,340.7497863769531,0.9997522234916687,176.85035705566406,354.82183837890625,0.9996297359466553,238.42723083496094,417.6283264160156,0.9990153312683105,75.4012222290039,428.03753662109375,0.9998289346694946,353.7839050292969,351.6090393066406,0.9999338388442993
39,378.5957336425781,208.12326049804688,0.9888613820075989,303.1422424316406,252.05648803710938,0.9997957348823547,415.0011901855469,287.6773376464844,0.9996405839920044,322.6916809082031,278.955322265625,0.9999516010284424,291.0751647949219,283.0841979980469,0.9991868138313293,380.7388916015625,350.2982482910156,0.9996566772460938,243.70184326171875,286.9775085449219,0.9979190230369568,283.35760498046875,316.6495361328125,0.9984859824180603,337.15179443359375,338.1505432128906,0.9994522929191589,250.53176879882812,313.41497802734375,0.9932805895805359,340.5617980957031,376.54974365234375,0.9998781681060791,248.59286499023438,340.01202392578125,0.9997037053108215,177.66925048828125,351.0311584472656,0.9996821880340576,236.32505798339844,418.914794921875,0.9995157718658447,73.26807403564453,429.0965881347656,0.9996170997619629,352.5455627441406,351.5519714355469,0.9998939037322998
40,363.7196350097656,218.15895080566406,0.6518263220787048,297.15374755859375,253.0526885986328,0.999752938747406,406.4093322753906,292.2576599121094,0.9999008178710938,322.10699462890625,279.7889404296875,0.9998477697372437,290.14788818359375,283.3563232421875,0.9979639053344727,379.1255798339844,350.9197692871094,0.999754011631012,243.1351318359375,286.380615234375,0.9979123473167419,283.69488525390625,316.6580810546875,0.998745322227478,336.488525390625,338.40130615234375,0.9995841383934021,251.1234130859375,314.2938232421875,0.9868141412734985,339.9628601074219,375.8953552246094,0.9998470544815063,250.65866088867188,340.34063720703125,0.999634861946106,177.452392578125,347.29052734375,0.9997208714485168,235.18093872070312,420.0272521972656,0.999572217464447,71.57698059082031,429.4886474609375,0.9997252821922302,351.2848815917969,352.1287536621094,0.9998282194137573
41,351.2421569824219,226.44064331054688,0.8949279189109802,291.1732177734375,255.38229370117188,0.9998520612716675,399.8096618652344,299.4071960449219,0.9998369216918945,321.1335754394531,280.0404052734375,0.999276340007782,288.5429382324219,284.57525634765625,0.9922590851783752,377.0262756347656,351.3896789550781,0.9997466206550598,242.29978942871094,286.64971923828125,0.9977291226387024,282.25262451171875,316.2582092285156,0.9981436729431152,336.3045654296875,337.7227478027344,0.9996695518493652,250.06082153320312,313.49884033203125,0.9620669484138489,339.0323791503906,375.03045654296875,0.9997872710227966,250.84585571289062,340.507568359375,0.9995404481887817,178.6208038330078,343.4114685058594,0.9991633892059326,232.8650665283203,420.3710632324219,0.9991617202758789,70.42305755615234,428.9612121582031,0.9996836185455322,350.58306884765625,352.2418518066406,0.9997169375419617
42,336.49896240234375,235.4312286376953,0.9373230338096619,285.86376953125,254.04962158203125,0.9992514252662659,392.5706481933594,303.7645263671875,0.9999030828475952,316.46099853515625,280.0752868652344,0.9988065958023071,288.49652099609375,284.1712646484375,0.9862492680549622,376.33428955078125,350.5600891113281,0.9997866749763489,241.65028381347656,283.9795227050781,0.9981196522712708,279.3025817871094,317.01641845703125,0.9968047142028809,335.19378662109375,338.0750427246094,0.9997970461845398,249.06396484375,313.1335144042969,0.925853431224823,338.4671936035156,373.79083251953125,0.9998205304145813,250.17984008789062,339.9772644042969,0.9996504783630371,179.46783447265625,338.833251953125,0.9996269941329956,231.71754455566406,418.7154846191406,0.9992225170135498,70.12187194824219,427.3470153808594,0.999826967716217,350.14593505859375,351.42236328125,0.9997085928916931
43,326.8480224609375,241.1012420654297,0.9775165319442749,281.1761779785156,253.037841796875,0.9990528225898743,383.3189392089844,307.47052001953125,0.9999799728393555,316.2283020019531,278.74493408203125,0.9959433674812317,287.82159423828125,281.3787841796875,0.9776197671890259,373.8596496582031,351.10028076171875,0.9998756647109985,237.22035217285156,280.9550476074219,0.9996436834335327,278.4674377441406,316.16900634765625,0.9976690411567688,334.71038818359375,337.1595458984375,0.9998399019241333,247.6080780029297,312.3757019042969,0.7217900156974792,338.53753662109375,373.3572692871094,0.9998244643211365,249.9288787841797,338.7729797363281,0.9997201561927795,181.7567901611328,333.971923828125,0.9997857213020325,230.66757202148438,418.222412109375,0.9995481371879578,70.35098266601562,423.78607177734375,0.9996858835220337,349.1932067871094,351.6189880371094,0.9997007846832275
44,313.3069763183594,248.72666931152344,0.4138075113296509,278.5933532714844,254.22438049316406,0.9992496371269226,375.89666748046875,313.0249328613281,0.9998946189880371,315.6176452636719,276.9713134765625,0.9611660838127136,288.1539001464844,278.7705383300781,0.9597868323326111,372.4432678222656,351.07733154296875,0.9998993873596191,235.38894653320312,278.54345703125,0.9998693466186523,275.9678955078125,315.6718444824219,0.9980672001838684,334.3879089355469,335.2383728027344,0.9997813105583191,247.12863159179688,311.0645446777344,0.43905794620513916,337.96881103515625,372.13934326171875,0.9998315572738647,250.14224243164062,337.88330078125,0.9996544122695923,183.0400848388672,329.0342712402344,0.9996720552444458,229.53262329101562,416.6477966308594,0.9992456436157227,70.81685638427734,418.8847351074219,0.9989908337593079,348.3686828613281,352.23773193359375,0.9997205138206482
45,298.6324768066406,247.0657501220703,0.6555672287940979,280.36846923828125,253.2899932861328,0.9964358806610107,369.6478271484375,312.4493103027344,0.9991100430488586,315.3977966308594,280.9554748535156,0.8538990020751953,284.9044189453125,276.75360107421875,0.9805746078491211,371.3121643066406,351.6197814941406,0.9998595714569092,233.35739135742188,277.5929260253906,0.9999144077301025,272.77691650390625,315.0767517089844,0.9983768463134766,333.02154541015625,334.0902099609375,0.9998369216918945,246.28338623046875,311.0292663574219,0.30305230617523193,337.683837890625,370.5645446777344,0.9998376369476318,249.0557403564453,335.9947204589844,0.999548614025116,184.30970764160156,324.073974609375,0.9998052716255188,229.8526153564453,413.6980285644531,0.9996583461761475,71.4510269165039,413.41241455078125,0.9980177879333496,348.00640869140625,352.2291259765625,0.9996337890625
46,290.3242492675781,249.60610961914062,0.6014489531517029,276.2174377441406,255.52183532714844,0.9924119114875793,361.6933288574219,310.2781677246094,0.7075126767158508,314.4426574707031,279.693603515625,0.49717020988464355,283.4035949707031,276.5352783203125,0.9903506636619568,370.1770324707031,350.6363830566406,0.9998600482940674,231.4290771484375,275.0049133300781,0.9999176263809204,266.682861328125,315.15118408203125,0.999125063419342,330.703369140625,333.6106262207031,0.9998537302017212,244.5503692626953,310.9953308105469,0.09429933875799179,337.04998779296875,369.9164123535156,0.999830961227417,251.07533264160156,333.68157958984375,0.9993415474891663,186.72386169433594,318.2233581542969,0.9998500347137451,229.27713012695312,410.7791748046875,0.999871015548706,72.60234069824219,405.15948486328125,0.9994069337844849,346.8731384277344,352.44061279296875,0.9996144771575928
47,283.7676696777344,249.19126892089844,0.596422016620636,273.2247314453125,257.3305969238281,0.8912986516952515,321.0559387207031,290.9986877441406,0.5405601263046265,311.10797119140625,278.6182556152344,0.7173963785171509,281.3664855957031,276.893798828125,0.997804582118988,369.3847351074219,350.5578918457031,0.9998095631599426,229.4786376953125,272.86590576171875,0.9998981952667236,263.9513854980469,313.63946533203125,0.9988343119621277,328.8688659667969,332.4231872558594,0.9998112320899963,243.195068359375,311.255859375,0.04053927958011627,336.8484191894531,369.1076965332031,0.9998552799224854,249.7083282470703,332.374755859375,0.9991034865379333,187.47528076171875,311.24774169921875,0.9996916055679321,229.37538146972656,407.96319580078125,0.9998063445091248,74.02232360839844,397.6829833984375,0.9947294592857361,346.8656921386719,352.083251953125,0.9993246793746948
48,277.4487609863281,245.9968719482422,0.631952166557312,260.31500244140625,249.96395874023438,0.9908768534660339,348.3633728027344,307.7881164550781,0.17927467823028564,305.47637939453125,264.6732482910156,0.09766977280378342,278.5044860839844,277.1634521484375,0.9995864033699036,367.7543029785156,349.97943115234375,0.9996885061264038,228.98965454101562,272.89581298828125,0.9998437166213989,261.52618408203125,313.2051086425781,0.9985024929046631,327.6393127441406,332.80828857421875,0.9999159574508667,242.32713317871094,311.0218505859375,0.013239013962447643,336.4220886230469,369.4504089355469,0.9998817443847656,249.25404357910156,330.6784973144531,0.998485267162323,189.23814392089844,306.7278137207031,0.9998576641082764,228.5314178466797,403.5087890625,0.9998487234115601,75.19669342041016,389.2340087890625,0.9983271956443787,345.5851745605469,352.2597961425781,0.9989526271820068
49,273.7410888671875,243.1480712890625,0.6496315002441406,257.3231506347656,248.57920837402344,0.9876190423965454,337.4364929199219,307.4864501953125,0.24132567644119263,306.634033203125,265.2409362792969,0.051763344556093216,275.593505859375,277.8681640625,0.9996851682662964,365.6468200683594,348.9425964355469,0.9995400905609131,228.3077850341797,273.06842041015625,0.999821126461029,260.9722900390625,314.7356262207031,0.9987441301345825,325.81585693359375,332.76617431640625,0.9999300241470337,237.47384643554688,310.1585693359375,0.014492889866232872,336.3103332519531,368.669189453125,0.9998756647109985,248.7167205810547,329.9239196777344,0.994867205619812,189.18504333496094,301.8621520996094,0.9998225569725037,227.20791625976562,398.4873962402344,0.9998019337654114,75.91541290283203,379.2833557128906,0.9991519451141357,345.6838684082031,352.5982971191406,0.9983959794044495
50,292.793701171875,291.2506103515625,0.3190172612667084,254.19656372070312,247.24154663085938,0.9729653000831604,334.5537109375,307.9761962890625,0.41097524762153625,306.1200256347656,263.5097961425781,0.09222641587257385,272.90234375,276.0567321777344,0.9991201758384705,364.19891357421875,348.40203857421875,0.9996601343154907,227.6217498779297,273.19500732421875,0.9998036026954651,260.1091613769531,314.1275939941406,0.9991205334663391,324.7954406738281,332.7055358886719,0.9999185800552368,237.781494140625,303.007568359375,0.09163269400596619,335.6239929199219,366.76922607421875,0.9998030066490173,247.247802734375,326.7066955566406,0.988922119140625,190.3845977783203,295.8244934082031,0.9995738863945007,226.8577880859375,393.9801330566406,0.9998148083686829,77.39661407470703,374.3404846191406,0.9995296001434326,345.3083801269531,352.6015930175781,0.9980756044387817
51,254.58706665039062,247.17117309570312,0.1683853566646576,251.83653259277344,247.0670928955078,0.923638105392456,334.7292175292969,305.914306640625,0.7310967445373535,305.77545166015625,259.77191162109375,0.3386441469192505,271.79620361328125,276.8354187011719,0.9992249011993408,363.0402526855469,347.9090576171875,0.999691367149353,225.84567260742188,272.04913330078125,0.9996620416641235,256.94378662109375,313.23016357421875,0.9991790652275085,323.4560852050781,332.08648681640625,0.9999470710754395,237.71188354492188,300.9611511230469,0.23433758318424225,335.35821533203125,366.0483093261719,0.9997908473014832,245.33970642089844,323.5079345703125,0.8552542328834534,191.508056640625,289.4239501953125,0.9998193383216858,227.10440063476562,390.11590576171875,0.9998800754547119,78.47419738769531,363.2444763183594,0.9994528889656067,343.92205810546875,351.6985778808594,0.9978418350219727
52,245.56451416015625,226.64627075195312,0.2137565165758133,252.1300811767578,244.96031188964844,0.953175961971283,334.3358459472656,304.77984619140625,0.5394591689109802,305.8130187988281,265.6896057128906,0.10507220029830933,272.1360168457031,278.2279968261719,0.9995222091674805,361.5989074707031,346.7693176269531,0.9997726082801819,225.24195861816406,272.14410400390625,0.9995848536491394,254.69842529296875,312.78753662109375,0.9992469549179077,321.963134765625,331.0634460449219,0.9999243021011353,236.76902770996094,300.0177001953125,0.030581898987293243,335.1304931640625,365.3960876464844,0.9997422099113464,252.05056762695312,329.4551696777344,0.8062863349914551,196.34617614746094,285.69281005859375,0.9998849630355835,225.80599975585938,384.20538330078125,0.9998887777328491,80.03034210205078,354.80999755859375,0.9998059868812561,343.490966796875,350.912109375,0.9980509281158447
53,247.03321838378906,208.56591796875,0.25606125593185425,251.29531860351562,243.2074432373047,0.6936327815055847,339.5790710449219,311.7222900390625,0.4977748990058899,306.4234619140625,265.2738037109375,0.0972963348031044,272.82110595703125,276.2699279785156,0.9996398687362671,361.66748046875,347.0337829589844,0.9997873902320862,223.95826721191406,271.63275146484375,0.9995774626731873,251.8369140625,311.39617919921875,0.9996535778045654,320.7987365722656,330.3336486816406,0.9998821020126343,234.93679809570312,296.5242919921875,0.002963482169434428,334.53863525390625,365.10028076171875,0.9997753500938416,251.7758331298828,330.26385498046875,0.7587806582450867,198.44338989257812,278.84063720703125,0.9999228715896606,226.46353149414062,379.84027099609375,0.9999369382858276,80.96327209472656,344.4925231933594,0.9997778534889221,341.46661376953125,349.6319885253906,0.9987195730209351
54,246.37132263183594,198.87014770507812,0.6166983246803284,257.2959289550781,245.4414520263672,0.21568718552589417,334.13543701171875,306.4636535644531,0.776089608669281,308.2424011230469,259.1019592285156,0.024367010220885277,274.3230285644531,273.7618408203125,0.9993104934692383,361.63299560546875,347.69293212890625,0.9998119473457336,222.7237091064453,274.17645263671875,0.9994969367980957,251.30149841308594,310.26641845703125,0.99955815076828,319.37762451171875,331.0308532714844,0.9998224377632141,231.26666259765625,294.21630859375,0.0006122566992416978,333.7298278808594,364.9241638183594,0.9998817443847656,249.45819091796875,327.67919921875,0.27967801690101624,198.82391357421875,273.2417907714844,0.999923586845398,225.97042846679688,374.7562255859375,0.9998840093612671,81.19874572753906,337.6289367675781,0.9998544454574585,340.19091796875,349.0024719238281,0.9984915256500244
55,252.33775329589844,186.43141174316406,0.13287101686000824,259.0130920410156,245.0566864013672,0.3043687045574188,331.91156005859375,301.96087646484375,0.8548716902732849,307.29315185546875,263.6114501953125,0.05403481796383858,276.2865905761719,271.6924743652344,0.9982829093933105,360.8771057128906,347.1226806640625,0.9997438788414001,222.929931640625,272.3987121582031,0.9991418123245239,250.23916625976562,309.0176696777344,0.9994943141937256,319.1141662597656,331.28076171875,0.9998101592063904,228.6842041015625,295.2830810546875,0.0004535699263215065,332.70654296875,363.8605651855469,0.9998987913131714,247.12387084960938,326.64093017578125,0.3614063858985901,199.06031799316406,268.5011291503906,0.9999135732650757,227.08018493652344,370.6329650878906,0.9998581409454346,82.92198944091797,332.7625732421875,0.9997488856315613,339.5863952636719,348.4297180175781,0.9987105131149292
56,259.6867370605469,180.0618438720703,0.11090424656867981,264.75555419921875,230.11541748046875,0.31014329195022583,330.8145751953125,295.3847961425781,0.9656332731246948,316.3583068847656,257.9742431640625,0.1501091867685318,277.1252136230469,268.57366943359375,0.9977541565895081,360.0118408203125,346.9711608886719,0.999760091304779,221.40750122070312,271.1612854003906,0.9993757605552673,249.0377655029297,308.2015380859375,0.999569833278656,318.9276428222656,330.95538330078125,0.9998074173927307,239.65184020996094,277.80450439453125,0.00023347773822024465,331.9317626953125,363.064697265625,0.9998667240142822,244.76100158691406,325.767333984375,0.036736395210027695,199.00314331054688,263.98876953125,0.9998218417167664,227.68841552734375,367.84808349609375,0.9996850490570068,85.60645294189453,325.9593200683594,0.9990538954734802,338.7439880371094,348.2560729980469,0.9982099533081055
57,264.37982177734375,224.61883544921875,0.02399897761642933,267.7998962402344,222.05821228027344,0.8718602061271667,332.013671875,291.51239013671875,0.9973174929618835,307.52740478515625,276.588623046875,0.11731541901826859,271.5577392578125,265.6263122558594,0.9648846983909607,358.1141357421875,347.2281494140625,0.9997770190238953,220.93702697753906,269.72735595703125,0.9971575736999512,247.13897705078125,307.9485778808594,0.9991613626480103,317.27435302734375,331.3904113769531,0.9997811913490295,227.6868133544922,277.2566223144531,0.0006392651121132076,331.15960693359375,361.78253173828125,0.9998569488525391,243.87261962890625,325.4739685058594,0.00658351881429553,200.431884765625,260.0379638671875,0.9997805953025818,228.85885620117188,363.1233825683594,0.9998953342437744,85.59435272216797,318.5350646972656,0.9296558499336243,337.5079650878906,347.8190002441406,0.9977909326553345
58,270.6502685546875,210.4473114013672,0.6249794960021973,263.5718078613281,212.71629333496094,0.9994951486587524,337.1085205078125,285.1263427734375,0.9992082715034485,310.18194580078125,272.1491394042969,0.9548885226249695,274.9085693359375,263.42828369140625,0.9963071346282959,356.3689880371094,344.390625,0.9997543692588806,219.90084838867188,268.6539306640625,0.9978380799293518,249.23289489746094,309.169189453125,0.9994739890098572,316.8685302734375,331.66943359375,0.9997016787528992,226.80999755859375,293.55859375,0.0021622497588396072,329.5340881347656,360.66827392578125,0.9998266100883484,244.42291259765625,321.2557067871094,0.007141081150621176,202.57583618164062,254.84384155273438,0.9998264908790588,229.7999725341797,359.0777587890625,0.9998747110366821,86.5517349243164,311.0581359863281,0.9938234090805054,336.752685546875,347.4143981933594,0.9976881742477417
59,289.30645751953125,174.25357055664062,0.9929367899894714,262.2178039550781,212.05850219726562,0.9999821186065674,341.72991943359375,280.3013000488281,0.9997929930686951,312.0760803222656,267.8187255859375,0.9979751706123352,271.1951599121094,264.919921875,0.9985542893409729,353.9655456542969,342.5841979980469,0.9998544454574585,217.28330993652344,264.14190673828125,0.9983673691749573,244.0032196044922,309.2772521972656,0.9994712471961975,315.26361083984375,330.58868408203125,0.9998513460159302,239.77615356445312,276.83563232421875,0.003197646699845791,328.2442321777344,358.89093017578125,0.9997944235801697,241.8372039794922,321.4671325683594,0.003447702620178461,206.85289001464844,251.07273864746094,0.9998501539230347,231.12503051757812,353.31353759765625,0.9998863935470581,87.34406280517578,307.8042297363281,0.9966848492622375,335.9212951660156,346.3370056152344,0.9982556700706482
60,303.4771728515625,160.1694793701172,0.9986463189125061,263.4093017578125,210.88040161132812,0.9999889135360718,344.164794921875,276.2103576660156,0.9999618530273438,306.5413513183594,265.76702880859375,0.9996150732040405,269.1209716796875,264.9616394042969,0.9996768236160278,351.77972412109375,341.16534423828125,0.9998553991317749,218.51864624023438,264.7073669433594,0.9937129616737366,242.59434509277344,308.5932922363281,0.9993367791175842,313.1061706542969,330.0946960449219,0.9998403787612915,230.9853973388672,275.6144104003906,0.011833014898002148,326.6119384765625,357.3933410644531,0.9998524188995361,237.772705078125,334.0235595703125,0.003252956783398986,210.91015625,247.5365753173828,0.9998990297317505,234.0078582763672,348.0245666503906,0.9999603033065796,94.26727294921875,299.7178039550781,0.9978121519088745,335.2206726074219,345.673095703125,0.9981518387794495
61,317.7114562988281,148.20401000976562,0.9997206330299377,263.9399719238281,207.64524841308594,0.9999802112579346,346.7562255859375,271.6648864746094,0.9999606609344482,304.6170349121094,265.8102722167969,0.9998134970664978,268.17327880859375,265.2110900878906,0.9998661279678345,351.2673645019531,341.0272216796875,0.9997838139533997,216.16371154785156,265.2998352050781,0.9935196042060852,241.25033569335938,308.9613342285156,0.9990602135658264,311.1980895996094,330.4054260253906,0.9997513890266418,230.3165740966797,283.1993713378906,0.026803478598594666,326.1955871582031,357.6748046875,0.9998414516448975,240.05062866210938,335.9678649902344,0.018553391098976135,212.13914489746094,244.7938690185547,0.9999538660049438,236.73927307128906,342.51068115234375,0.9999059438705444,96.03496551513672,295.30377197265625,0.9988264441490173,332.256591796875,345.3547058105469,0.998494029045105
62,332.2082214355469,136.4560089111328,0.9996808767318726,264.3561096191406,205.42779541015625,0.999984860420227,350.2005615234375,267.17974853515625,0.9999346733093262,302.77398681640625,264.761474609375,0.9998983144760132,267.7524719238281,264.95196533203125,0.9998959302902222,351.293701171875,340.63531494140625,0.9998538494110107,216.47364807128906,266.4161071777344,0.9969266057014465,244.261474609375,310.0693359375,0.9988120794296265,309.9650573730469,328.2728576660156,0.9996293783187866,232.61976623535156,278.0953674316406,0.01593911089003086,326.3476257324219,357.8031311035156,0.9998028874397278,241.81982421875,329.26953125,0.02560983970761299,211.739990234375,243.17694091796875,0.9999547004699707,240.4609832763672,335.13037109375,0.9997096657752991,103.64139556884766,288.41656494140625,0.9995734095573425,331.0672607421875,343.119384765625,0.9983929991722107
63,342.0792541503906,125.32130432128906,0.999700665473938,264.2628479003906,203.32984924316406,0.9999864101409912,353.04290771484375,261.2058410644531,0.9999825954437256,300.8383483886719,264.0040283203125,0.999945878982544,265.603271484375,263.3099670410156,0.9998801946640015,351.2213439941406,340.1189880371094,0.9998434782028198,215.79962158203125,263.14752197265625,0.995928943157196,242.4218292236328,313.45294189453125,0.9994538426399231,307.2184753417969,328.7695617675781,0.9995145797729492,227.68959045410156,272.89263916015625,0.18325336277484894,326.7449645996094,357.5173034667969,0.9997895359992981,239.66879272460938,324.57177734375,0.005512937903404236,211.43756103515625,238.98155212402344,0.9998844861984253,238.85684204101562,327.2106018066406,0.9950125813484192,116.05825805664062,276.03985595703125,0.9998719692230225,326.2897644042969,343.1820373535156,0.9994931221008301
64,353.5076904296875,117.20191192626953,0.9995406866073608,265.54620361328125,201.20867919921875,0.9999738931655884,355.3865966796875,257.9660949707031,0.9999878406524658,299.0879821777344,264.834716796875,0.9999607801437378,265.0257873535156,263.0153503417969,0.9998270869255066,350.5473327636719,339.94464111328125,0.9999130964279175,213.60447692871094,262.836181640625,0.9974138140678406,241.98764038085938,311.4205322265625,0.9994087219238281,304.8394470214844,329.7803649902344,0.9996418952941895,229.2608642578125,274.0517578125,0.04669082164764404,325.9928283691406,356.2791748046875,0.9998124241828918,226.8883819580078,251.95823669433594,0.000548657844774425,211.8683624267578,236.7145233154297,0.9998339414596558,229.8498077392578,314.7070007324219,0.954957127571106,126.03215026855469,267.3113708496094,0.9998064637184143,323.9807434082031,341.7558288574219,0.9997290968894958
65,361.8478698730469,106.64171600341797,0.9980568289756775,266.0362548828125,199.95523071289062,0.9999796152114868,357.9732360839844,256.504638671875,0.9999827146530151,297.04595947265625,264.2596130371094,0.9999575614929199,264.7317199707031,264.0169372558594,0.9998718500137329,348.1052551269531,339.50115966796875,0.9999570846557617,212.0850067138672,269.6790466308594,0.997930645942688,245.01478576660156,313.5332946777344,0.9998000264167786,304.5659484863281,330.8426513671875,0.9997634291648865,231.66949462890625,272.29833984375,0.004520403686910868,325.1475524902344,355.74267578125,0.9998410940170288,226.37136840820312,251.06781005859375,0.005546249449253082,209.98707580566406,234.14588928222656,0.9996333122253418,231.28578186035156,310.0810546875,0.1254037618637085,136.3900604248047,255.9313507080078,0.9998070597648621,324.5273742675781,342.6859436035156,0.9993208646774292
66,372.7013244628906,101.89156341552734,0.9974521994590759,267.0475769042969,198.4691925048828,0.9999908208847046,358.9898376464844,255.1712646484375,0.9999762773513794,296.14935302734375,264.81097412109375,0.9999529123306274,264.2371520996094,264.3920593261719,0.9998387098312378,346.7996520996094,337.9677734375,0.9999405145645142,213.91171264648438,274.6041259765625,0.9989186525344849,241.16163635253906,313.5645446777344,0.9996707439422607,303.31658935546875,328.9417724609375,0.999783456325531,237.45822143554688,271.6527099609375,0.003573416033759713,324.0321960449219,354.5965576171875,0.9998507499694824,227.02578735351562,253.74806213378906,0.00245272577740252,207.03372192382812,229.79330444335938,0.9985752105712891,229.7610321044922,309.8409729003906,0.02910873293876648,149.21829223632812,246.8674774169922,0.9991865754127502,325.1405944824219,342.542724609375,0.9993281364440918
67,379.67388916015625,99.81735229492188,0.9992368221282959,268.9403076171875,195.86181640625,0.9999926090240479,361.5567626953125,254.03152465820312,0.999968409538269,295.1570739746094,263.6756286621094,0.9999735355377197,262.37322998046875,265.06304931640625,0.9998106360435486,343.4197998046875,336.9681396484375,0.9998965263366699,208.84974670410156,266.96044921875,0.995649516582489,235.0556182861328,308.02716064453125,0.9993065595626831,302.8288879394531,329.0204162597656,0.9997836947441101,232.48069763183594,272.17626953125,0.03655746579170227,322.38043212890625,353.0714416503906,0.9997994303703308,218.70249938964844,247.9517822265625,0.0032360029872506857,201.77383422851562,229.9682159423828,0.9788414835929871,226.82516479492188,306.3604736328125,0.002301257336512208,159.64065551757812,233.5667266845703,0.9984501600265503,326.3597717285156,342.869873046875,0.9980496168136597
68,383.9361267089844,93.21221923828125,0.9988221526145935,272.78338623046875,193.11834716796875,0.9999816417694092,363.2567443847656,251.43963623046875,0.9999804496765137,294.4895935058594,263.2196044921875,0.9999608993530273,261.7717590332031,259.9867248535156,0.9997839331626892,342.62408447265625,337.00518798828125,0.9998955726623535,209.3291473388672,268.4419250488281,0.9302962422370911,234.77012634277344,308.7704772949219,0.9971562623977661,301.5246887207031,330.03680419921875,0.9996269941329956,230.32208251953125,267.3468933105469,0.017517991364002228,323.06500244140625,352.48443603515625,0.9998428821563721,213.4518585205078,244.23501586914062,0.06990998238325119,195.54251098632812,225.01754760742188,0.98256516456604,229.5535430908203,310.1183166503906,0.0006654156022705138,171.5915069580078,225.85232543945312,0.8448135852813721,324.78131103515625,341.9013366699219,0.9982491731643677
69,384.5560607910156,87.54835510253906,0.9986316561698914,273.9129333496094,190.83932495117188,0.9999845027923584,363.7332763671875,247.23397827148438,0.9999500513076782,292.2969665527344,262.627685546875,0.9999732971191406,257.81671142578125,264.3399658203125,0.9998579025268555,342.1786193847656,336.3236999511719,0.9998708963394165,207.61212158203125,254.1424560546875,0.9729458689689636,230.99993896484375,307.9893798828125,0.9985740184783936,301.4356384277344,330.3774108886719,0.9996508359909058,226.443115234375,273.0299072265625,0.3239559829235077,322.6606750488281,351.5539855957031,0.9997484087944031,232.69198608398438,249.38829040527344,0.003115384839475155,195.4705047607422,227.4196319580078,0.9997681975364685,276.88995361328125,331.63604736328125,0.00251482124440372,182.90603637695312,201.60018920898438,0.7994244694709778,324.7079162597656,342.6501159667969,0.9984840750694275
70,386.2220153808594,85.11084747314453,0.9993971586227417,277.3807373046875,188.54522705078125,0.9999924898147583,363.5619201660156,246.3057861328125,0.9999501705169678,290.17071533203125,261.2217102050781,0.9999798536300659,257.4516906738281,263.0570068359375,0.9998829364776611,339.1728820800781,336.0195007324219,0.9999254941940308,207.1658172607422,260.70416259765625,0.9997653365135193,231.30026245117188,308.45330810546875,0.9992085099220276,298.6800231933594,330.85089111328125,0.9995800852775574,229.651611328125,272.7156066894531,0.01490930374711752,320.6160583496094,351.8256530761719,0.9989237189292908,247.9445343017578,255.3556365966797,0.0002618722792249173,199.8181915283203,228.47857666015625,0.9999641180038452,276.1046142578125,330.4693603515625,0.003485248889774084,185.6746826171875,197.75794982910156,0.5344948768615723,324.8797912597656,344.69171142578125,0.9960522055625916
71,386.7460632324219,81.02303314208984,0.9987899661064148,281.1495361328125,186.1745147705078,0.999982476234436,362.57281494140625,244.9361114501953,0.9999487400054932,288.3197326660156,259.4882507324219,0.9999786615371704,256.5888977050781,261.86260986328125,0.9998430013656616,337.16571044921875,335.568359375,0.9999418258666992,206.12347412109375,260.0423889160156,0.9996943473815918,228.5298614501953,306.5335998535156,0.9989597797393799,296.6826171875,330.1953125,0.9996204376220703,228.9461669921875,271.6158142089844,0.004392747301608324,319.2200012207031,351.7756042480469,0.9978364109992981,259.4239196777344,256.5582580566406,0.00038304724148474634,198.63978576660156,228.5992889404297,0.9999551773071289,275.7331848144531,329.0175476074219,0.0029348875395953655,188.17721557617188,197.20602416992188,0.7729323506355286,326.0970458984375,344.39312744140625,0.9899019002914429
72,387.5274353027344,79.0135726928711,0.9989504218101501,285.4353332519531,183.56634521484375,0.9999884366989136,361.6520080566406,244.98545837402344,0.9999353885650635,288.3122253417969,258.7438659667969,0.9999792575836182,256.5294494628906,260.8693542480469,0.9998759031295776,335.8713073730469,335.5320739746094,0.9999055862426758,205.623046875,260.1259460449219,0.9995853304862976,226.7340850830078,305.1844177246094,0.9982683658599854,295.4373474121094,329.4715881347656,0.9995006322860718,226.41958618164062,272.6130065917969,0.013311593793332577,317.91986083984375,350.7786560058594,0.9981110095977783,259.0059509277344,255.8507843017578,0.0002582229790277779,199.0825653076172,228.83505249023438,0.9999291896820068,276.0523986816406,327.39117431640625,0.004060939885675907,190.40719604492188,197.19369506835938,0.9686873555183411,325.361572265625,344.071044921875,0.9888810515403748
73,388.4287109375,76.17776489257812,0.9995823502540588,289.81793212890625,182.46804809570312,0.9999806880950928,361.2999572753906,244.33363342285156,0.9999426603317261,287.6269836425781,258.1280212402344,0.9999772310256958,255.94004821777344,258.66314697265625,0.9998584985733032,334.0101318359375,335.5347595214844,0.9998594522476196,203.93060302734375,259.2579345703125,0.9994127750396729,226.0271453857422,305.2294921875,0.9984164237976074,294.94439697265625,329.4723205566406,0.9994640946388245,224.4375762939453,270.27850341796875,0.0053119659423828125,316.0893859863281,350.4598388671875,0.9829179644584656,268.43310546875,254.02333068847656,0.0002703020581975579,197.397216796875,228.4676055908203,0.9998347759246826,274.9515686035156,326.0802001953125,0.002540883608162403,191.40863037109375,198.5712432861328,0.8431258201599121,323.7833251953125,344.83514404296875,0.9732689261436462
74,390.5036926269531,75.66503143310547,0.9994887113571167,293.3269958496094,181.23011779785156,0.9999854564666748,362.0253601074219,244.09288024902344,0.9999421834945679,286.7047119140625,256.2018737792969,0.9999749660491943,255.3341522216797,256.7058410644531,0.9998811483383179,334.6073913574219,335.5047302246094,0.9998254179954529,204.08763122558594,257.3487854003906,0.997637152671814,223.31057739257812,302.9961242675781,0.9963793158531189,294.316650390625,329.3145751953125,0.9994305968284607,216.2190704345703,270.171875,0.005960853770375252,315.12127685546875,350.3802795410156,0.9873878359794617,208.96832275390625,243.4075469970703,0.00044942405656911433,196.07342529296875,230.93069458007812,0.9995585083961487,275.4220275878906,325.7420349121094,0.0015511992387473583,192.49830627441406,201.24191284179688,0.7552802562713623,322.48046875,344.1444091796875,0.9684945940971375
75,393.5576477050781,75.64224243164062,0.9994444251060486,297.3818664550781,179.8155059814453,0.9999572038650513,363.5353088378906,243.21925354003906,0.9999387264251709,285.91693115234375,254.6267852783203,0.9999593496322632,253.7241668701172,253.61660766601562,0.9999082088470459,331.6298828125,336.2915344238281,0.9998403787612915,203.96531677246094,256.08380126953125,0.9946487545967102,221.42691040039062,301.0218505859375,0.9957996010780334,292.55059814453125,328.918212890625,0.9995846152305603,215.20338439941406,268.2870788574219,0.012849023565649986,315.6285400390625,349.6392822265625,0.9963292479515076,205.57046508789062,244.4316864013672,0.0006760444957762957,195.56553649902344,232.68603515625,0.9993014335632324,261.84991455078125,327.5856628417969,0.000956075731664896,193.08126831054688,203.94725036621094,0.10293138027191162,321.0129699707031,343.63482666015625,0.889541745185852
76,398.4761657714844,74.98462677001953,0.9995013475418091,300.9393615722656,179.5155029296875,0.9999544620513916,364.59454345703125,242.59747314453125,0.9999258518218994,285.6753234863281,253.53921508789062,0.999972939491272,253.56216430664062,253.0968780517578,0.9999133348464966,329.59686279296875,336.4639587402344,0.9997591376304626,204.48529052734375,256.05462646484375,0.9878467917442322,220.33523559570312,299.63873291015625,0.9943919777870178,290.8818054199219,329.19537353515625,0.9994673132896423,213.3833465576172,262.4801330566406,0.043626125901937485,315.89251708984375,348.2340087890625,0.9944173097610474,213.9460906982422,248.60044860839844,0.002387082204222679,194.60743713378906,235.12525939941406,0.9977405071258545,261.0879211425781,327.8086853027344,0.0006485283374786377,194.58590698242188,209.2484130859375,0.19944287836551666,319.7875061035156,343.79681396484375,0.7931808233261108
77,403.783447265625,76.83543395996094,0.9996473789215088,303.3751220703125,179.89718627929688,0.9999262094497681,366.16510009765625,244.71534729003906,0.9999076128005981,285.3985900878906,253.2207489013672,0.9999793767929077,253.0768280029297,252.15283203125,0.9999697208404541,327.287841796875,336.8973693847656,0.9997593760490417,204.14776611328125,256.16473388671875,0.9876899719238281,220.98617553710938,299.70635986328125,0.9972370862960815,289.688232421875,329.471435546875,0.9994620680809021,212.564697265625,258.0506896972656,0.10057307034730911,314.4414978027344,348.6972961425781,0.9983489513397217,206.44906616210938,242.43153381347656,0.0018867403268814087,193.732421875,236.50453186035156,0.9875279068946838,273.2699890136719,326.9620056152344,0.00041711496305651963,194.10948181152344,214.68551635742188,0.02903893031179905,317.9433898925781,343.94207763671875,0.8960739374160767
78,409.34759521484375,78.72900390625,0.9993828535079956,305.737548828125,180.9327392578125,0.9999653100967407,367.31549072265625,246.01907348632812,0.9999096393585205,285.8379821777344,252.5106201171875,0.999980092048645,253.05157470703125,253.03225708007812,0.9999772310256958,325.70465087890625,336.8724060058594,0.9998735189437866,203.68743896484375,254.5529022216797,0.9760376214981079,220.11497497558594,299.32623291015625,0.9971970319747925,287.2882385253906,329.3170166015625,0.999093770980835,211.33065795898438,258.82159423828125,0.08867540955543518,312.38037109375,349.8136901855469,0.9957813024520874,208.02293395996094,246.6348419189453,0.0012430334463715553,190.24102783203125,239.23414611816406,0.9947576522827148,305.71209716796875,177.44581604003906,0.0011750797275453806,194.90380859375,218.86773681640625,0.0008545365417376161,316.4529724121094,344.7516174316406,0.8661515116691589
79,415.5281066894531,81.4317855834961,0.998842179775238,308.1624450683594,181.08253479003906,0.9999755620956421,367.3621520996094,247.15443420410156,0.9998723268508911,285.5335693359375,252.19532775878906,0.9999796152114868,252.1475067138672,255.25833129882812,0.9999600648880005,324.77935791015625,337.333740234375,0.9999253749847412,204.28988647460938,255.43409729003906,0.9853492379188538,220.03419494628906,300.19891357421875,0.9972206354141235,286.04302978515625,329.13104248046875,0.999607264995575,213.1984405517578,258.3926696777344,0.28098833560943604,310.66717529296875,349.6431579589844,0.9987854361534119,205.52532958984375,246.25234985351562,0.0028606115374714136,189.38426208496094,241.52931213378906,0.9890003204345703,306.988037109375,177.1996307373047,0.0020603949669748545,185.21023559570312,228.59222412109375,0.0008426029817201197,313.4685363769531,342.6869201660156,0.8450435400009155
80,423.5659484863281,84.12504577636719,0.9991260170936584,309.9540100097656,181.99755859375,0.999966025352478,367.4927978515625,249.6121826171875,0.9998494386672974,284.9961853027344,252.09918212890625,0.9999798536300659,250.86639404296875,256.1129150390625,0.9999593496322632,322.4219665527344,337.2146911621094,0.9999550580978394,203.55508422851562,255.5271453857422,0.9790962934494019,220.09800720214844,300.1825866699219,0.9967864751815796,285.02276611328125,328.7181091308594,0.9997801184654236,212.35928344726562,259.51055908203125,0.41136589646339417,309.71453857421875,350.40625,0.9989944100379944,204.0729217529297,248.0340576171875,0.008402903564274311,189.1871337890625,241.40867614746094,0.9719669222831726,260.2517395019531,326.2474365234375,0.0013503939844667912,183.69784545898438,235.10467529296875,0.0008892852929420769,311.7453308105469,344.7310485839844,0.8706104159355164
81,428.77789306640625,87.6322250366211,0.9987674951553345,311.7314453125,182.88980102539062,0.9999467134475708,366.50042724609375,251.82041931152344,0.9998925924301147,284.4425354003906,252.44927978515625,0.9999774694442749,249.13461303710938,262.08551025390625,0.9999454021453857,321.7810363769531,337.5453186035156,0.9999585151672363,206.41375732421875,258.4282531738281,0.9803756475448608,225.00819396972656,303.7996520996094,0.9986101388931274,283.8954772949219,329.2389831542969,0.9997240900993347,217.06536865234375,266.5255126953125,0.36725881695747375,308.01116943359375,350.8032531738281,0.9986546039581299,203.49111938476562,257.322265625,0.0546741858124733,187.27194213867188,245.4877166748047,0.9292923808097839,225.31861877441406,254.91090393066406,0.0033383804839104414,182.71694946289062,238.45750427246094,0.002350836293771863,310.8085632324219,344.85528564453125,0.9705398678779602
82,432.750244140625,90.8608627319336,0.9940837025642395,313.125,183.67811584472656,0.9998570680618286,367.72052001953125,253.10491943359375,0.9998726844787598,284.2812194824219,252.5511016845703,0.9999746084213257,248.25009155273438,261.66864013671875,0.9999263286590576,320.82830810546875,337.9218444824219,0.9999293088912964,206.72142028808594,257.13580322265625,0.9909183979034424,220.42391967773438,300.2037353515625,0.9977365732192993,283.2131652832031,328.83203125,0.9997816681861877,215.2151641845703,267.8974914550781,0.1651768684387207,306.3244323730469,351.23126220703125,0.999534010887146,201.3533172607422,256.88330078125,0.011659031733870506,188.37017822265625,243.43565368652344,0.8002605438232422,260.0411376953125,324.6943054199219,0.003021104261279106,180.90469360351562,251.1143341064453,0.0004983123508282006,309.1314392089844,343.91461181640625,0.9929800629615784
83,436.81890869140625,94.90403747558594,0.9949370622634888,314.3963317871094,184.6322479248047,0.9998555183410645,368.46697998046875,254.04257202148438,0.9997544884681702,284.1978759765625,252.86123657226562,0.9999724626541138,247.9048614501953,262.1882629394531,0.9999048709869385,320.5337219238281,338.4846496582031,0.9999005794525146,203.0059051513672,256.8321533203125,0.9807414412498474,223.0406036376953,301.1164245605469,0.9966030120849609,282.1983337402344,328.2868957519531,0.9997896552085876,215.5760040283203,269.0040283203125,0.0442749485373497,306.2044677734375,351.7550964355469,0.9997660517692566,200.73768615722656,259.8905944824219,0.00730517040938139,186.28211975097656,247.3019561767578,0.826641857624054,260.2884216308594,324.49786376953125,0.005873696878552437,170.59158325195312,255.4729461669922,0.00022719711705576628,307.36663818359375,342.6301574707031,0.9951303005218506
84,441.4530944824219,98.23870849609375,0.9972008466720581,315.5725402832031,185.23902893066406,0.9998962879180908,368.58624267578125,255.82693481445312,0.999778687953949,284.56591796875,252.65098571777344,0.9999582767486572,247.5363311767578,261.02337646484375,0.9998791217803955,319.5357360839844,338.63525390625,0.9998722076416016,200.62193298339844,258.79296875,0.9750291705131531,221.73577880859375,300.03546142578125,0.9981696605682373,282.03314208984375,328.32684326171875,0.9998551607131958,215.193603515625,270.19683837890625,0.02837233990430832,304.25787353515625,351.70599365234375,0.9998854398727417,199.81869506835938,262.2538146972656,0.005465771537274122,186.3936767578125,254.44432067871094,0.6898723244667053,260.4671325683594,324.4749755859375,0.00674497289583087,179.03102111816406,265.2200622558594,0.0019008783856406808,306.7779846191406,342.27203369140625,0.9951003193855286
85,445.7021484375,102.346923828125,0.9967077970504761,315.0663146972656,187.57455444335938,0.9999426603317261,368.22491455078125,257.4076232910156,0.9999022483825684,284.5903625488281,252.6876220703125,0.9999520778656006,246.288818359375,260.83477783203125,0.9999188184738159,319.438720703125,339.06695556640625,0.999872088432312,198.6836700439453,259.1279602050781,0.9711201786994934,220.3579559326172,298.9856262207031,0.9977333545684814,281.3313903808594,328.01373291015625,0.9998812675476074,213.3715362548828,269.2564392089844,0.06163401156663895,302.0375671386719,352.7238464355469,0.9998996257781982,201.93728637695312,261.2142028808594,0.002404509810730815,183.88864135742188,256.5396728515625,0.8015788793563843,259.1489562988281,324.4355163574219,0.009029519744217396,176.7596435546875,265.8579406738281,0.004059048369526863,304.36676025390625,343.02410888671875,0.9951529502868652
86,448.8279724121094,109.4932861328125,0.9981362819671631,314.8741760253906,188.85865783691406,0.9999462366104126,368.1593322753906,258.3556213378906,0.9999006986618042,284.47235107421875,252.60777282714844,0.9998310804367065,244.67495727539062,259.94915771484375,0.999951958656311,318.8997497558594,339.77880859375,0.9998964071273804,198.21737670898438,255.96697998046875,0.9927499294281006,218.87762451171875,297.5123291015625,0.9985907673835754,280.5299987792969,327.36151123046875,0.9998781681060791,211.04307556152344,268.2450866699219,0.055107805877923965,301.1728515625,353.4833679199219,0.9999418258666992,211.90342712402344,254.6007080078125,0.0033596758730709553,180.42735290527344,257.9694519042969,0.8953604698181152,258.76300048828125,324.16650390625,0.006030494347214699,169.74668884277344,270.23809814453125,0.041732363402843475,303.1737976074219,342.0926513671875,0.9939059615135193
87,449.8990478515625,113.675048828125,0.9991855025291443,312.8584289550781,191.208740234375,0.99991774559021,368.4728088378906,258.7782897949219,0.999891996383667,283.8370666503906,251.9616241455078,0.9997119307518005,243.75421142578125,259.3693542480469,0.9999251365661621,318.0467224121094,339.78021240234375,0.999927282333374,197.9103240966797,251.2061004638672,0.9985076785087585,216.1797637939453,296.15087890625,0.9988988637924194,278.46356201171875,326.6229248046875,0.9999068975448608,210.231201171875,264.28179931640625,0.021461816504597664,299.3145446777344,353.8372802734375,0.9999407529830933,191.14283752441406,271.3738708496094,0.01906413771212101,180.88601684570312,263.7779235839844,0.975081205368042,258.4165344238281,323.0294189453125,0.008663239888846874,164.3048858642578,275.4660949707031,0.007687781471759081,301.8404541015625,343.0796813964844,0.996404767036438
88,450.7986755371094,118.61738586425781,0.9986472725868225,312.92132568359375,192.9639129638672,0.9998745918273926,368.0425109863281,259.2730712890625,0.9998947381973267,279.32958984375,252.6326446533203,0.9984670281410217,242.6689910888672,260.5189514160156,0.9999022483825684,317.0250244140625,339.23931884765625,0.9999344348907471,197.62014770507812,251.29730224609375,0.9989776611328125,215.02273559570312,295.78082275390625,0.9992154836654663,278.0417785644531,325.7276611328125,0.9999109506607056,208.13502502441406,261.8284912109375,0.018081074580550194,296.73223876953125,353.15948486328125,0.9998847246170044,188.65040588378906,274.46209716796875,0.02685624733567238,178.34130859375,264.4122314453125,0.8374948501586914,253.78933715820312,323.5389709472656,0.004095475189387798,161.02845764160156,283.2164306640625,0.028316741809248924,300.1773376464844,342.0736083984375,0.9948306679725647
89,450.7057189941406,120.75031280517578,0.9970788955688477,312.68084716796875,195.17678833007812,0.9999216794967651,367.64630126953125,260.3711242675781,0.9999047517776489,276.6656494140625,252.33261108398438,0.999792754650116,243.49546813964844,257.115478515625,0.9998621940612793,316.7068786621094,339.16070556640625,0.9999288320541382,197.33477783203125,251.01419067382812,0.9994307160377502,215.66127014160156,295.5478515625,0.999545156955719,277.2965087890625,324.880615234375,0.9998971223831177,208.13528442382812,271.21563720703125,0.0757790058851242,295.9828186035156,353.12628173828125,0.9998559951782227,187.680419921875,278.1494445800781,0.015938488766551018,177.40016174316406,268.2257995605469,0.8979637622833252,253.95892333984375,322.3397216796875,0.008553238585591316,157.64154052734375,281.6770324707031,0.0031773624941706657,298.4839782714844,341.5723876953125,0.9939844012260437
90,449.99261474609375,124.44355010986328,0.9990912675857544,311.7378845214844,196.34657287597656,0.9999514818191528,367.31512451171875,260.9623718261719,0.9999312162399292,275.1817626953125,250.45455932617188,0.999834418296814,242.3232421875,256.3768005371094,0.9998483657836914,316.46197509765625,339.0776672363281,0.9999462366104126,196.32009887695312,251.7898712158203,0.9998558759689331,217.07069396972656,295.5937805175781,0.9995798468589783,276.3645935058594,323.9486999511719,0.9999043941497803,206.24574279785156,272.44952392578125,0.06827782839536667,293.8583679199219,353.53033447265625,0.9998693466186523,187.89346313476562,279.9335632324219,0.01071332860738039,169.3556365966797,274.77484130859375,0.9669576287269592,215.72073364257812,309.6172180175781,0.027590494602918625,159.34738159179688,295.94293212890625,0.022763032466173172,296.24176025390625,342.2810363769531,0.9976911544799805
